No,AlphanumericCode,CIE-10,CIE-11,OriginalTopic,FinalTitle,Type,Autor,Date,MedicalDocument,Age,Sex,Pregnancy,Body,DevicesAndSystems,ShutterDescription,DesignedDescription,IncludesImageINSIDE
1,[EM1-001],F500,,Anorexia nerviosa,Anorexia nerviosa,Padecimiento,Dr. Axel Rodríguez ,45824,Anorexia nerviosa.docx,3 | 4 | 5,3,0,3 | 20,11,Joven con anorexia que se niega Foto de stock 2612281473 | Shutterstock,Si,No tiene
2,[EM1-002],M069,,Artritis reumatoide | no especificada,Artritis reumatoide,Padecimiento,Dra. Heidyxer Osorio,45824,Artritis reumatoide (con códigos).docx,4 | 5,3,0,9 | 10 | 11 | 12 | 13 | 14 | 15 | 24 | 25 | 28 | 29,3,https://www.shutterstock.com/es/image-photo/color-enhanced-xray-rheumatoid-arthritis-ra-2502579361,Si,Si
3,[EM1-003],J45,,Asma,Asma,Padecimiento,Dr. Axel Rodríguez ,45824,Asma.docx,2 | 3 | 4 | 5,3,0,5,2,https://www.shutterstock.com/es/image-photo/young-asthma-man-using-spray-home-2562382389,Si,No tiene
4,[EM1-004],F502,,Bulimia nerviosa,Bulimia nerviosa,Padecimiento,Dra. Heidyxer Osorio,45824,Bulimia nerviosa (con códigos),3 | 4 | 5,3,0,20,4 | 10,https://www.shutterstock.com/es/image-photo/young-asthma-man-using-spray-home-2562382389,Si,Si
5,[EM1-005],N30,,Cistitis,Cistitis,Padecimiento,Dr. Axel Rodríguez ,45824,Cistitis.docx,3 | 4 | 5,3,0,8,5 | 6 ,https://www.shutterstock.com/es/image-photo/young-asthma-man-using-spray-home-2562382389,Si,No tiene
6,[EM1-006],E232,,Diabetes insípida,Diabetes insípida,Padecimiento,Dra. Heidyxer Osorio,45824,Diabetes insípida (con códigos).docx,2 | 3 | 4 | 5,3,0,8,9,https://canadianinsulin.com/wp-content/uploads/2023/09/Central-Neurogenic-Diabetes-Insipidus-Symptoms-Causes-and-Treatment.png.webp,Si,No tiene
7,[EM1-007],O24,,Diabetes mellitus en el embarazo,Diabetes mellitus en el embarazo,Padecimiento,Dr. Axel Rodríguez ,45825,Diabetes mellitus en el embarazo.docx,3 | 4,2,1,6,12,https://www.shutterstock.com/es/image-vector/modern-pregnant-women-flat-icon-2447089069,Si,Si
8,[EM1-008],E10,,Diabetes mellitus insulinodependiente,Diabetes tipo 1,Padecimiento,Dra. Heidyxer Osorio,45825,Diabetes tipo 1 (con códigos),2 | 3 ,3,0,6,9,diabetes-tipo-1-153006-1024x576.jpg (1024×576),Si,Si
9,[EM1-009],E11,,Diabetes mellitus no insulinodependiente,Diabetes Mellitus tipo 2,Padecimiento,Dr. Daniel Viveros,45824,Diabetes Mellitus tipo 2.docx,4 | 5,3,0,6,9,https://encrypted-tbn0.gstatic.com/images?q=tbn:ANd9GcTUvF0KsZ3ZbEIiIyKnGntELFGnwt_Sxwaf1w&s,Si,No tiene
10,[EM1-010],A09X,,Diarrea y gastroenteritis de presunto origen infeccioso,Diarrea y gastroenteritis de presunto origen infeccioso,Padecimiento,Dr. Axel Rodríguez ,45825,Diarrea y gastroenteritis de presunto origen infeccioso.docx,6,3,0,6,2,https://www.shutterstock.com/es/image-vector/gastroenteritis-gastrointestinal-tract-inflammation-outline-diagram-2218792245,Si,No tiene
11,[EM1-011],K30X,,Dispepsia,Dispepsia,Síntoma ,Dra. Heidyxer Osorio,45825,Dispepsia (con códigos),4 | 5,3,0,6,4,https://www.shutterstock.com/es/image-photo/man-burning-sensation-chest-acid-reflux-2263105401,Si,Si
12,[EM1-012],G20X,,Enfermedad de Parkinson,Enfermedad de Parkinson,Padecimiento,Dra. Heidyxer Osorio,45825,Enfermedad de Parkinson (con códigos).docx,5,3,0,10 | 11 | 15 | 16 | 28 | 29,1,https://www.shutterstock.com/es/image-vector/medical-poster-parkinsons-disease-senior-symptoms-2536448505,Si,Si
13,[EM1-013],K21,,Enfermedad del reflujo gastroesofágico,Enfermedad del reflujo gastroesofágico,Padecimiento,Dr. Axel Rodríguez ,45825,Enfermedad por reflujo gastroesofágico.docx,4 | 5,3,0,5 | 6,4,https://www.shutterstock.com/es/image-vector/gastroesophageal-reflux-symptoms-gastric-disease-ideal-2028704867,Si,No tiene
14,[EM1-014],B24X,,Enfermedad por virus de la inmunodeficiencia humana [VIH] | sin otra especificación,VIH-SIDA,Padecimiento,Dr. Daniel Viveros,45824,VIH-SIDA.docx,3 | 4 | 5,3,0,8,5 | 6,https://www.shutterstock.com/es/image-vector/world-aids-day-hiv-testing-poster-1889418811,Si,No tiene
15,[EM1-015],G40,,Epilepsia,Epilepsia,Padecimiento,Dr. Axel Rodríguez ,45826,Epilepsia.docx,6,3,0,3 | 10 | 11 | 12 | 13 | 14 | 15 | 16 | 23 | 24 | 26 | 27 | 28 | 29,1,https://www.shutterstock.com/es/image-vector/isolated-child-boy-epileptic-seizures-mother-2303579627,Si,No tiene
16,[EM1-016],J020,,Faringitis estreptocócica,Faringitis estreptocócica en niños,Padecimiento,Dra. Heidyxer Osorio,45826,Faringitis estreptocócica en niños.docx,1 | 2,3,0,4,2,https://www.shutterstock.com/es/image-vector/tonsils-throat-diseases-tonsillitis-symptoms-anatomy-1469085938,Si,Si
17,[EM1-017],K297,,Gastritis | no especificada,Gastritis ,Padecimiento,Dr. Daniel Viveros,45824,Gastritis .docx,4 | 5,3,0,6,4,https://www.shutterstock.com/es/image-vector/young-woman-feel-pain-stomach-vector-2258944253,Si,No tiene
18,[EM1-018],K701,,Hepatitis alcohólica,Hepatitis alcohólica,Padecimiento,Dr. Axel Rodríguez ,45826,Hepatitis alcohólica.docx,4 | 5,3,0,6,4,https://www.shutterstock.com/es/image-vector/illustration-liver-organ-full-fat-fatty-2461604769,Si,No tiene
19,[EM1-019],E782,,Hiperlipidemia mixta,Hipertrigliceridemia,Padecimiento,Dra. Heidyxer Osorio,45826,Hipertrigliceridemia.docx,4 | 5,3,0,6,4,https://www.shutterstock.com/es/image-vector/healthy-narrowed-blood-vessel-cholesterol-plaque-2198053333,Si,No tiene 
20,[EM1-020],E039,,Hipotiroidismo | no especificado,Hipotiroidismo,Padecimiento,Dr. Axel Rodríguez ,45826,Hipotiroidismo.docx,3 | 4 | 5,3,0,4,9,https://www.shutterstock.com/es/image-vector/underactive-thyroid-hypothyroidism-slows-metabolism-causing-2516011855,Si,No tiene 
21,[EM1-021],I21,,Infarto agudo del miocardio,Infarto agudo del miocardio,Padecimiento,Dra. Heidyxer Osorio,45826,Infarto agudo al miocardio.docx,4 | 5,3,0,5,7,https://www.shutterstock.com/es/image-vector/myocardial-infarction-illustration-human-heart-attack-2557356409,Si,No tiene 
22,[EM1-022],N390,,Infección de vías urinarias | sitio no especificado,Infecciones de vías urinarias ,Padecimiento,Dr. Daniel Viveros,45825,Infecciones de vías urinarias.docx,6,3,0,8,5 | 6,https://www.shutterstock.com/es/image-vector/man-experiences-pain-cystitis-bladder-diseases-1984545785,Si,Si
23,[EM1-023],N18,,Insuficiencia renal crónica,Enfermedad renal crónica,Padecimiento,Dr. Daniel Viveros,45828,Enfermedad renal crónica,4 | 5,3,0,7 | 8 | 25,5 | 6,https://www.shutterstock.com/es/image-vector/inflammation-kidney-human-urinary-organs-heart-421633471,Si,Si
24,[EM1-024],G43,,Migraña,Migraña,Padecimiento,Dr. Daniel Viveros,45828,Migraña.docx,2 | 3 | 4 | 5,3,0,3 | 19,1,https://www.shutterstock.com/es/image-vector/man-headache-vector-illustration-2127367478,Si,Si
25,[EM1-025],J15,,Neumonía bacteriana | no clasificada en otra parte,Neumonía bacteriana ,Padecimiento,Dr. Daniel Viveros,45849,Neumonía bacteriana .docx,6,3,0,5,2,https://cuidateplus.marca.com/sites/default/files/styles/ratio_1_1/public/cms/2024-05/neumonia.jpg.webp?itok=ExR6sl0w,Si,No
26,[EM1-026],J129,,Neumonía viral | no especificada,Neumonia por COVID-19,Padecimiento,Dr. Axel Rodríguez ,45827,Neumonía por COVID-19.docx,6,3,0,5,2,https://www.shutterstock.com/es/image-photo/lung-human-viral-cells-magnifying-glass-2516197425,Si,No
27,[EM1-027],E660,,Obesidad debida a exceso de calorías,Obesidad,Padecimiento,Dra. Heidyxer Osorio,45827,Obesidad.docx,2 | 3 | 4 | 5,3,0,6,4 | 9,https://www.shutterstock.com/es/image-vector/weight-loss-stages-fat-obese-man-2035649048,Si,Si
28,[EM1-028],E13,,Otras diabetes mellitus especificadas,Diabetes tipo MODY,Padecimiento,Dra. Heidyxer Osorio,45827,Diabetes tipo MODY.docx,3 | 4,3,0,6,9,https://www.shutterstock.com/es/image-vector/blood-glucose-test-hands-hold-glucometer-2009469773,Si,Si
29,[EM1-029],N110,,Pielonefritis crónica no obstructiva asociada con reflujo,Pielonefritis,Padecimiento,Dr. Daniel Viveros,45826,Pielonefritis .docx,6,3,0,7 | 25,5 | 6,https://llllline.com/es/pyelonephritis-vector,Si,No
30,[EM1-030],J30,,Rinitis alérgica y vasomotora,Rinitis alérgica ,Padecimiento,Dr. Daniel Viveros,45827,Rinitis alérgica.docx,6,3,0,17,2,https://www.shutterstock.com/es/image-vector/pollen-allergy-sneezing-woman-seasonal-allergic-2537294551,Si,No tiene 
31,[EM1-031],J00X,,Rinofaringitis aguda [resfriado común],Resfriado común,Padecimiento,Dr. Axel Rodríguez ,45828,Resfriado común.docx,6,3,0,4 | 17,2,https://www.shutterstock.com/es/image-vector/woman-got-sick-flu-blowing-her-1291705354,Si,No tiene 
32,[EM1-032],C50,,Tumor maligno de la mama,,Padecimiento,Dr. Daniel Viveros,,,4 | 5,3,0,5,9,https://www.shutterstock.com/es/image-vector/vector-woman-breast-cancer-checking-herself-1838712532,Si,
33,[EM1-033],C61X,,Tumor maligno de la próstata,,Padecimiento,Dr. Daniel Viveros,,,4 | 5,1,0,7,5,https://www.shutterstock.com/es/image-vector/enlarged-prostate-means-gland-has-grown-2370737601,Si,
34,[EM1-034],C53,,Tumor maligno del cuello del útero,Cancer de endometrio,Padecimiento,Dr. Axel Rodríguez ,45828,Cáncer de endometrio.docx,4 | 5,2,0,8,6,https://www.shutterstock.com/es/image-vector/endometriosis-condition-endometrium-grows-outside-uterine-2237321517,Si,No tiene 
35,[EM1-035],,,Dolor,Dolor crónico,Síntoma ,Dra. Heidyxer Osorio,45847,Dolor crónico (con códigos),4 | 5,3,0,3 | 4 | 9 | 10 | 11 | 12 | 13 | 15 | 16 | 21 | 22 | 23 | 24 | 25 | 28 | 29,1 | 3,Una joven tiene problemas de espalda: vector de stock (libre de regalías) 2410926059 | Shutterstock,No,No
36,[EM1-036],,,Depresión ,Depresión ,Padecimiento,Dr. Axel Rodríguez ,45828,Depresión.docx,2 | 3 | 4 | 5,3,0,3,10,Hombre ansioso sentado en la cara: vector de stock (libre de regalías) 2496244663 | Shutterstock,No,No tiene 
37,[EM1-037],,,Fatiga,Fatiga,Síntoma ,Dra. Heidyxer Osorio,45847,Fatiga (con códigos),6,3,0,3 | 8 | 9 | 10 | 11 | 12 | 13 | 14 | 15 | 26 | 27 | 28 | 29,10,Exhausted Woman Low Battery Icon Symbolizing: vector de stock (libre de regalías) 2571337127 | Shutterstock,No,No
38,[EM1-038],,,Cirugía cerebral,Cirugía de tumores cerebrales,Procedimiento terapeútico,Dr. Axel Rodríguez ,45849,Cirugía cerebral.docx,4,3,0,3 | 16,1,Hombre sometido a cirugía cerebral para: vector de stock (libre de regalías) 2424490173 | Shutterstock,No,Si
39,[EM1-039],,,Dolor abdominal,Dolor abdominal,Síntoma ,Dr. Axel Rodríguez ,45849,Dolor abdominal.docx,6,3,0,6,4,https://www.shutterstock.com/es/image-photo/man-suffering-pain-lower-right-abdomen-1980780671,No,No
40,[EM1-040],,,Deshidratación ,Deshidratación ,Padecimiento,Dr. Axel Rodríguez ,45828,Deshidratación.docx,6,3,0,19 | 20,4,Beba más afiche sobre el agua.: vector de stock (libre de regalías) 2422513173 | Shutterstock,No,No 
41,[EM1-041],,,Ansiedad ,Ansiedad ,Padecimiento,Dr. Axel Rodríguez ,45828,Ansiedad.docx,2 | 3 | 4 | 5,3,0,3 | 5,10,Ilustración de trastornos mentales. Las mujeres: vector de stock (libre de regalías) 2545553089 | Shutterstock,No,No tiene 
42,[EM1-042],,,Poliuria,Poliuria,Síntoma ,Dra. Heidyxer Osorio,45847,Poliuria (con código),3 | 4 | 5,3,0,8,5 | 6,Ilustración de una mujer que desea: vector de stock (libre de regalías) 1905933982 | Shutterstock,No,No
43,[EM1-043],,,Polidipsia ,Polidipsia ,Síntoma ,Dra. Alicia Pérez,45846,Polidipsia.docx,3 | 4 | 5,3,0,20,4,"Síntoma De La Diabetes | Sed Excesiva,: vector de stock (libre de regalías) 2309705953 | Shutterstock",No,No tiene 
44,[EM1-044],,,Nocturia,Nocturia,Síntoma ,Dra. Alicia Pérez,45846,Nocturia.docx,2 | 3 | 4 | 5,3,0,8,5 | 6,Humedecimiento de cama - Vector: vector de stock (libre de regalías) 5679211 | Shutterstock,No,No tiene 
45,[EM1-045],,,Náusea ,Náusea y vómito,Síntoma ,Dra. Heidyxer Osorio,45827,Náusea y vómito,6,3,0,6 | 20,4,La mujer sufre náuseas y cubre: vector de stock (libre de regalías) 2402061851 | Shutterstock,No,No
46,[EM1-046],,,Somnolencia ,Somnolencia ,Síntoma ,Dra. Alicia Pérez,45846,Somnolencia.docx,6,3,0,3 | 19,1,Mujer joven exhausta sentada en la: vector de stock (libre de regalías) 2417625885 | Shutterstock,No,No tiene 
47,[EM1-047],,,Saciedad precoz,Saciedad precoz,Síntoma ,Dra. Alicia Pérez,45846,Saciedad precoz.docx,6,3,0,6 | 20,4,Mujer joven que siente náuseas | cubriendo: vector de stock (libre de regalías) 2632169265 | Shutterstock,No,No
48,[EM1-048],,,Distensión,Distension abdominal,Síntoma ,Dra. Alicia Pérez,45846,Distensión abdominal.docx,6,3,0,6,4,El Carácter De La Mujer Que: vector de stock (libre de regalías) 2369272991 | Shutterstock,No,No
49,[EM1-049],,,Disfagia ,Disfagia ,Síntoma ,Dra. Alicia Pérez,45846,Disfagia.docx,6,3,0,20 | 5 | 6,4,ilustración de un hombre mirando con: vector de stock (libre de regalías) 2529587605 | Shutterstock,No,No tiene 
50,[EM1-050],,,Disfonía ,Disfonía o ronquera,Síntoma ,Dra. Heidyxer Osorio,45828,Disfonía o ronquera (con códigos).docx,6,3,0,4,1,Ilustración de una chica enferma sosteniendo: vector de stock (libre de regalías) 1123690748 | Shutterstock,No,No tiene 
51,[EM1-051],,,Estreñimiento ,Estreñimiento ,Síntoma ,Dra. Alicia Pérez,45846,Estreñimiento.docx,6,3,0,6,4,Man Sitting Toilet Bowl Bathroom His: vector de stock (libre de regalías) 2556220589 | Shutterstock,No,No tiene 
52,[EM1-052],,,Alucinaciones ,Alucinaciones ,Síntoma ,Dra. Alicia Pérez,45846,Alucinanciones.docx,2 | 3 | 4 | 5 ,3,0,3,1,"Mujer con ataque de pánico | TEPT,: vector de stock (libre de regalías) 2213901953 | Shutterstock",No,No tiene 
53,[EM1-053],,,Odinofagia ,Odinofagia ,Síntoma ,Dra. Alicia Pérez,45846,Odinofagia.docx,6,3,0,4,1 | 4,"El niño tiene dolor de garganta,: vector de stock (libre de regalías) 2625399667 | Shutterstock",No,No tiene 
54,[EM1-054],,,Fiebre,,Síntoma ,Dr. Daniel Viveros,,,6,3,0,16 | 20,2 | 4 | 5 | 6 | 11,Una mujer está experimentando actualmente varios: vector de stock (libre de regalías) 2513623195 | Shutterstock,No,
55,[EM1-055],,,Halitosis ,Halitosis ,Síntoma ,Dra. Alicia Pérez,45846,Halitosis.docx,6,3,0,20,4,Mujer que comprueba su olor del: vector de stock (libre de regalías) 2483000665 | Shutterstock,No,No
56,[EM1-056],,,Cefalea,Dolor de cabeza,Síntoma ,Dra. Heidyxer Osorio,45828,Dolor de cabeza (con códigos).docx,6,3,0,3 | 16,1,Joven en estrés | tomándose de la: vector de stock (libre de regalías) 2273698449 | Shutterstock,No,No
57,[EM1-057],,,Escarlatina ,Escarlatina ,Padecimiento,Dra. Heidyxer Osorio,45831,Escarlatina (con códigos).docx,1 | 2 | 3 | 4,3,0,5 | 12 | 16 | 20,8,Fiebre escarlata. Signos y síntomas de: vector de stock (libre de regalías) 2155470247 | Shutterstock,No,Si
58,[EM1-058],,,Pancreatitis ,Pancreatitis aguda,Padecimiento,Dra. Heidyxer Osorio,45847,Pancreatitis (con código),3 | 4 | 5,3,0,6,4,Concepto de pancreatitis. El gastroenterólogo diagnostica: vector de stock (libre de regalías) 2083909186 | Shutterstock,No,No
59,[EM1-059],,,Disnea,Disnea,Síntoma ,Dr. Guillermo Rosario,45846,Disnea.docx,6,3,0,4 | 5,2,Es una ilustración de una anciana: vector de stock (libre de regalías) 2051792813 | Shutterstock,No,No tiene 
60,[EM1-060],,,Mareo ,Mareo ,Síntoma ,Dr. Guillermo Rosario,45846,Mareo.docx,2 | 3 | 4 | 5,3,0,3 | 18,1,Ilustración de una mujer mayor sintiéndose: vector de stock (libre de regalías) 2630324201 | Shutterstock,No,No tiene 
61,[EM1-061],,,Electrocardiograma,,Procedimiento diagnóstico,Dr. Daniel Viveros,,,6,3,0,5,7,Icono de Vector de electrocardiografía. Signo: vector de stock (libre de regalías) 2494280059 | Shutterstock,No,
62,[EM1-062],,,Troponinas,Troponinas,Procedimiento diagnóstico,Dra. Alicia Pérez,45846,Troponinas.docx,6,3,0,5,7,Cardiac Markers Test Biomarkers Measured Evaluate: vector de stock (libre de regalías) 2613362019 | Shutterstock,No,No tiene 
63,[EM1-063],,,Ecocardiograma ,Ecocardiograma ,Procedimiento diagnóstico,Dr. Daniel Viveros,45828,Ecocardiograma.docx,6,3,0,5,7,Ecocardiograma. Ultrasonido cardíaco. Ilustración del Ecocardiograma: vector de stock (libre de regalías) 2245064089 | Shutterstock,No,Si
64,[EM1-064],,,Cateterismo cardíaco,Cateterismo cardíaco,Procedimiento terapeútico,Dra. Heidyxer Osorio,45831,Cateterismo cardíaco (con códigos).docx,4 | 5,3,0,5,7,Intervención coronaria percutánea Procedimiento médico que: vector de stock (libre de regalías) 2107076849 | Shutterstock,No,Si
65,[EM1-065],,,Perfil de lípidos,Perfil de lípidos,Procedimiento diagnóstico,Dra. Alicia Pérez,45846,Perfil de lípidos.docx,6,3,0,6,4,Concepto de prueba de colesterol. Ilustración: vector de stock (libre de regalías) 526521616 | Shutterstock,No,No
66,[EM1-066],,,Exudado faríngeo ,Exudado faríngeo ,Procedimiento diagnóstico,Dra. Alicia Pérez,45846,Exudado Faringeo.docx,6,3,0,4 | 20,2,Vector de dibujos animados de iconos: vector de stock (libre de regalías) 2273762771 | Shutterstock,No,Si
67,[EM1-067],,,Cultivo,Cultivo,Procedimiento diagnóstico,Dr. Daniel Viveros,45852,Cultivo.docx,6,3,0,8 | 15 | 26,11 | 5 | 6 | 4,Icono de Ciencia. Símbolo de una: vector de stock (libre de regalías) 2540488511 | Shutterstock,No,No
68,[EM1-068],,,Resonancia magnética,Resonancia magnética,Procedimiento diagnóstico,Dra. Heidyxer Osorio,45847,Resonancia magnética (con códigos),6,3,0,3 | 10 | 11 | 22 | 25 | 28,1 | 3,Médico analizando los resultados de la: vector de stock (libre de regalías) 2416781797 | Shutterstock,No,No
69,[EM1-069],,,Tomografía ,,Procedimiento diagnóstico,Dr. Daniel Viveros,,,6,3,0,3 | 5 | 6 | 7 ,1 | 2 | 4,Un radiólogo analiza los resultados de: vector de stock (libre de regalías) 2170874579 | Shutterstock,No,
70,[EM1-070],,,Endoscopia ,Endoscopia alta,Procedimiento terapeútico,Dra. Heidyxer Osorio,45831,Endoscopia alta (con códigos).docx,6,3,0,6 | 20,4,Dilatación neumática endoscópica. Procedimiento de endoscopia: vector de stock (libre de regalías) 2363070207 | Shutterstock,No,Si
71,[EM1-071],,,Hemoglobina A1c,,Procedimiento diagnóstico,Dr. Daniel Viveros,,,3 | 4 | 5,3,0,6,4 | 11,Ilustración conceptual del vector plano isométrico: vector de stock (libre de regalías) 2089704979 | Shutterstock,No,
72,[EM1-072],,,Prueba de privación de agua,Prueba de privación de agua,Procedimiento diagnóstico,Dra. Alicia Pérez,45846,Prueba de privación de agua.docx,6,3,0,20,9,Material de ilustración vectorial de una: vector de stock (libre de regalías) 2186988869 | Shutterstock,No,No tiene 
73,[EM1-073],,,Marcadores de inflamación,Marcadores de inflamación,Procedimiento diagnóstico,Dra. Alicia Pérez,45846,Marcadores de inflamación.docx,6,3,0,5 | 6 | 9 | 10 | 11 | 12 | 13 | 14 | 15 | 23 | 24 | 26 | 27 | 28 | 29,11,Biomarker Color Line Icon Vector Isolated: vector de stock (libre de regalías) 2595969929 | Shutterstock,No,No
74,[EM1-074],,,Anticuerpos,Anticuerpos,Procedimiento diagnóstico,Dra. Alicia Pérez,45846,Anticuerpos.docx,6,3,0,5 | 6 | 8 | 9 | 10 | 11 | 12 | 13 | 14 | 15 | 23 | 24 | 26 | 27 | 28 | 29,11,análisis de sangre de alergia. La: vector de stock (libre de regalías) 2013014339 | Shutterstock,No,No tiene 
75,[EM1-075],,,Radiografías,Radiografías,Procedimiento diagnóstico,Dra. Alicia Pérez,45846,Radiografías.docx,6,3,0,3 | 4 | 5 | 6 | 9 | 10 | 11 | 12 | 13 | 14 | 15 | 21 | 22 | 23 | 24 | 25 | 28 | 29,3,Partes del cuerpo de rayos X.: vector de stock (libre de regalías) 2363932817 | Shutterstock,No,No tiene 
76,[EM1-076],,,Ecografías ,Ecografías ,Procedimiento diagnóstico,Dra. Alicia Pérez,45846,Ecografía.docx,6,3,0,6 | 25,4 | 12,Conjunto de iconos de equipos de: vector de stock (libre de regalías) 2504569947 | Shutterstock,No,No tiene 
77,[EM1-077],,,Artralgias ,Dolor articular | muscular y óseo,Síntoma ,Dra. Heidyxer Osorio,45831,Dolor articular | muscular y óseo (con códigos),2 | 3 | 4 | 5,3,0,4 | 7 | 10 | 11 | 12 | 13 | 14 | 15 | 21 | 22 | 23 | 24 | 25 | 26 | 27 | 28 | 29,3,Inflamación del cartílago articular de la: vector de stock (libre de regalías) 2476088759 | Shutterstock,No,No
78,[EM1-078],,,Apnea del sueño,Apnea obstructiva del sueño ,Padecimiento,Dra. Alicia Pérez,45848,Apnea obstructiva del sueño.docx,4 | 5,3,0,4 | 5 | 20,1 | 10,Ilustración vectorial de una escena de: vector de stock (libre de regalías) 2496098029 | Shutterstock,No,No tiene 
79,[EM1-079],,,Cirugía bariátrica,Cirugía bariátrica ,Procedimiento terapeútico,Dr. Daniel Viveros,45848,Cirugía bariátrica (con códigos).docx,4,3,0,6,4,Ilustración conceptual del vector plano isométrico: vector de stock (libre de regalías) 2329677509 | Shutterstock,No,No tiene 
80,[EM1-080],,,Resistencia a la insulina,Resistencia a la insulina,Padecimiento,Dra. Alicia Pérez,45848,Resistencia a la Insulina.docx,4 | 5,3,0,4 | 6,9,paciente obeso macho con manifestación dermatológica: vector de stock (libre de regalías) 2415102455 | Shutterstock,No,No tiene 
81,[EM1-081],,,Hematemesis ,Hematemesis ,Síntoma ,Dr. Guillermo Rosario,45846,Hematemesis.docx,4 | 5,3,0,6 | 20,4,Senior Woman Who Cares Vomiting Blood: vector de stock (libre de regalías) 376434967 | Shutterstock,No,No tiene 
82,[EM1-082],,,Inyecciones intraarticulares,Inyecciones en articulaciones y tejidos blandos,Procedimiento terapeútico,Dra. Heidyxer Osorio,45847,Inyecciones Inyecciones en articulaciones y tejidos blando (con códigos),4 | 5,3,0,9 | 10 | 11 | 12 | 13 | 14 | 15 | 23 | 24 | 26 | 27 | 28 | 29,3,Concepto de inyección de rodilla. Inflamación: vector de stock (libre de regalías) 2133174701 | Shutterstock,No,Si
83,[EM1-083],,,Artritis ,Artritis ,Padecimiento,Dra. Heidyxer Osorio,45848,Artritis (con códigos).docx,4 | 5,3,0,9 | 10 | 11 | 12 | 13 | 14 | 15 | 23 | 24 | 26 | 27 | 28 | 29,3,Osteoartritis La artritis es una enfermedad: vector de stock (libre de regalías) 2491145717 | Shutterstock,No,No
84,[EM1-084],,,Fibromialgia,Fibromialgia ,Padecimiento,Dra. Alicia Pérez,45848,Fibromialgia.docx,3 | 4 | 5,3,0,3 | 9 | 10 | 11 | 12 | 13 | 14 | 15 | 16 | 22 | 23 | 24 | 25 | 26 | 27 | 28 | 29,3,Fibromialgia. Dolor y sensibilidad en los: vector de stock (libre de regalías) 2441971501 | Shutterstock,No,No tiene 
85,[EM1-085],,,Lupus,Lupus,Padecimiento,Dra. Alicia Pérez,45848,Lupus Eritematosos Sistémico (LES).docx,2 | 3 | 4 | 5,3,0,7 | 8 | 15 | 20 | 28,8 | 5 | 6,Vector plano isométrico 3D Ilustración conceptual: vector de stock (libre de regalías) 2292727641 | Shutterstock,No,No tiene 
86,[EM1-086],,,Osteoporosis,Osteoporosis ,Padecimiento,Dra. Alicia Pérez,45848,Osteoporosis.docx,4 | 5,3,0,10 | 11 | 22 | 25 | 27 | 28,3,Medición de la densidad ósea y: vector de stock (libre de regalías) 2427186799 | Shutterstock,No,No tiene 
87,[EM1-087],,,Gripe,Gripe,Padecimiento,Dra. Alicia Pérez,45847,Gripe.docx,6,3,0,4 | 17,2,Una mujer estornudando con un pañuelo.: vector de stock (libre de regalías) 2513606721 | Shutterstock,No,No tiene 
88,[EM1-088],,,Esguinces,Esguinces,Padecimiento,Dra. Alicia Pérez,45847,Esguinces.docx,6,3,0,9 | 10 | 12 | 14 | 15 | 22 | 25 | 26 | 29,3,Esguince de tobillo que muestra ligamentos: vector de stock (libre de regalías) 2527917107 | Shutterstock,No,No tiene 
89,[EM1-089],,,Fracturas,Fracturas,Padecimiento,Dra. Alicia Pérez,45847,Fracturas.docx,6,3,0,3 | 4 | 9 | 10 | 11 | 12 | 13 | 14 | 15 | 21 | 22 | 23 | 24 | 25 | 27 | 28 | 29,3,Tipos de fractura de hueso de: vector de stock (libre de regalías) 2473358933 | Shutterstock,No,No tiene 
90,[EM1-090],,,Desgarros,Desgarros musculares,Padecimiento,Dra. Alicia Pérez,45847,Desgarros musculares.docx,6,3,0,9 | 10 | 12 | 14 | 15 | 22 | 25 | 26 | 29,3,Ilustración vectorial de ruptura muscular (lágrimas: vector de stock (libre de regalías) 2301402435 | Shutterstock,No,No tiene 
91,[EM1-091],,,Artrosis,Artrosis,Padecimiento,Dra. Alicia Pérez,45847,Artrosis .docx,4 | 5,3,0,9 | 10 | 12 | 14 | 15 | 22 | 25 | 26 | 29,3,Estadios de la artrosis articular de: vector de stock (libre de regalías) 2470651777 | Shutterstock,No,No tiene 
92,[EM1-092],,,Angiografía coronaria,Angiografía coronaria,Procedimiento diagnóstico,Dr. Guillermo Rosario,45846,Angiografía coronaria.docx,4 | 5,3,0,5,7,Angiography Medical Treatment Cardiac Operation Angiogram: vector de stock (libre de regalías) 1108930043 | Shutterstock,No,No
93,[EM1-093],,,Embarazo ,Embarazo ,Padecimiento,Dr. Guillermo Rosario,45846,Embarazo.docx,3 | 4,2,1,6,12,Tarjeta de maternidad y embarazo | mujer: vector de stock (libre de regalías) 2467552263 | Shutterstock,No,Si
94,[EM1-094],,,Trombosis ,Trombosis ,Padecimiento,Dr. Guillermo Rosario,45846,Trombosis.docx,4 | 5,3,0,9 | 10 | 27 | 28,7,Trombosis venosa profunda y flujo sanguíneo: vector de stock (libre de regalías) 2504374327 | Shutterstock,No,Si
95,[EM1-095],,,Arritmias,Arritmias,Padecimiento,Dr. Guillermo Rosario,45846,Arritmias.docx,3 | 4 | 5,3,0,5,7,Ritmo cardíaco normal vs Fibrilación ventricular: vector de stock (libre de regalías) 2541873147 | Shutterstock,No,No tiene
96,[EM1-096],,,Debilidad ,Debilidad ,Síntoma ,Dr. Guillermo Rosario,45846,Debilidad.docx,6,3,0,9 | 10 | 12 | 14 | 15 | 22 | 25 | 26 | 29,1 | 3,Weak Boy Try Making Weight Lifting: vector de stock (libre de regalías) 2557962999 | Shutterstock,No,Si
97,[EM1-097],,,Varicela,Varicela,Padecimiento,Dr. Guillermo Rosario,45846,Varicela.docx,6,3,0,1 | 2 | 3 | 4 | 5 | 6 | 7 | 9 | 16 | 17 | 18 | 20 | 21 | 22 | 23 | 24 | 25 | 26 | 27 | 28,8,Niño triste que tiene varicela. manchas: vector de stock (libre de regalías) 2506852493 | Shutterstock,No,Si
98,[EM1-098],,,Infertilidad ,Infertilidad ,Padecimiento,Dr. Guillermo Rosario,45846,Infertilidad.docx,4,3,0,7 | 8,5 | 6,Problema de infertilidad en pareja infeliz: vector de stock (libre de regalías) 2543716651 | Shutterstock,No,No tiene 
99,[EM1-099],,,Suicidio,Suicidio,Padecimiento,Dr. Guillermo Rosario,45846,Suicidio.docx,2 | 3 | 4 | 5,3,0,3,10,Ilustración vectorial que muestra a un: vector de stock (libre de regalías) 2496097927 | Shutterstock,No,No tiene
100,[EM1-100],,,Psicoterapia ,,Procedimiento terapeútico,Dr. Daniel Viveros,,,2 | 3 | 4 | 5,3,0,3,10,Psicólogo y paciente. Pareja hablando | personajes: vector de stock (libre de regalías) 2534729061 | Shutterstock,No,
101,[EM1-101],,,Escalofríos ,Escalofríos ,Síntoma ,Dr. Guillermo Rosario,45846,Escalofríos.docx,6,3,0,3 | 4 | 5 | 6,11,Síntoma de escalofríos. Síntomas de la: vector de stock (libre de regalías) 2531224595 | Shutterstock,No,No tiene
102,[EM1-102],,,Cianosis,Cianosis,Síntoma ,Dr. Guillermo Rosario,45846,Cianosis.docx,6,3,0,5 | 11 | 15 | 20,2 | 8,Cianosis periférica | mano y pie cianoticos.: vector de stock (libre de regalías) 2263569077 | Shutterstock,No,No tiene
103,[EM1-103],,,Tos,Tos,Síntoma ,Dr. Guillermo Rosario,45846,Tos.docx,6,3,0,4 | 5 | 20,2,El joven enfermo tose aislado. Concepto: vector de stock (libre de regalías) 2508404661 | Shutterstock,No,No tiene
104,[EM1-104],,,Dolor precordial,Dolor precordial,Síntoma ,Dr. Guillermo Rosario,45849,Dolor precordial.docx,3 | 4 | 5,3,0,5,7,Problema respiratorio y concepto de coronavirus.: vector de stock (libre de regalías) 1964118418 | Shutterstock,No,No tiene
105,[EM1-105],,,Sibilancias,Sibilancias,Síntoma ,Dr. Guillermo Rosario,45849,Sibilancias.docx,6,3,0,5,2,Hombre Mayor Con Dificultades Para Respirar: vector de stock (libre de regalías) 2417152489 | Shutterstock,No,No
106,[EM1-106],,,Alergías ,Alergias,Padecimiento,Dr. Guillermo Rosario,45846,Alergias.docx,6,3,0,5 | 6 | 13 | 14 | 16 | 20 | 22 | 25,2 | 8,Se establecen los síntomas de alergia.: vector de stock (libre de regalías) 2644534507 | Shutterstock,No,Si
107,[EM1-107],,,Espirometría,Espirometría,Procedimiento diagnóstico,Dr. Guillermo Rosario,45846,Espirometría.docx,3 | 4 | 5,3,0,5,2,Espirometría. Ilustración moderna de vectores planos.: vector de stock (libre de regalías) 2215957195 | Shutterstock,No,No
108,[EM1-108],,,Pruebas de alergía,Pruebas de alergía,Procedimiento diagnóstico,Dr. Guillermo Rosario,45846,Pruebas de alergia.docx,2 | 3 | 4 | 5,3,0,12 | 13 | 14 | 22,8,Allergy Test Reaction Types Allergens: vector de stock (libre de regalías) 1146839855 | Shutterstock,No,No tiene
109,[EM1-109],,,Desnutrición ,Desnutrición ,Padecimiento,Dr. Guillermo Rosario,45849,Desnutrición.docx,6,3,0,1 | 2 | 3 | 6,4,malnutrición infantil ilustración objeto de salud: vector de stock (libre de regalías) 2063214695 | Shutterstock,No,No
110,[EM1-110],,,Amenorrea,Amenorrea,Síntoma ,Dr. Guillermo Rosario,45849,Amenorrea.docx,3 | 4,2,0,8,6,https://www.shutterstock.com/es/image-photo/preteen-girl-hands-holding-uterus-teen-2456279409,No,No tiene
111,[EM1-111],,,Caída del cabello,Caída del cabello,Síntoma ,Dr. Guillermo Rosario,45849,Caída del cabello.docx,6,3,0,1 | 2,8,Hombre Con Alopecia Areata Tiene Pérdida: vector de stock (libre de regalías) 2435894041 | Shutterstock,No,No tiene
112,[EM1-112],,,Índice de masa corporal,Índice de masa corporal,Procedimiento diagnóstico,Dr. Guillermo Rosario,45849,Índice de masa corporal.docx,6,3,0,6,4,Ilustración vectorial del índice de masa: vector de stock (libre de regalías) 2360333187 | Shutterstock,No,No tiene
113,[EM1-113],,,Pruebas de función hepática ,Pruebas de función hepática ,Procedimiento diagnóstico,Dr. Guillermo Rosario,45849,Pruebas de función hepática.docx,6,3,0,6,4,Prueba de función hepática Icono de: vector de stock (libre de regalías) 2620925473 | Shutterstock,No,No
114,[EM1-114],,,Pruebas de función renal ,Pruebas de función renal ,Procedimiento diagnóstico,Dr. Guillermo Rosario,45849,Pruebas de función renal.docx,6,3,0,6 | 7 | 25,5 | 6,Illustration Kidneys Blood Test Vial: vector de stock (libre de regalías) 2585440467 | Shutterstock,No,No
115,[EM1-115],,,Electrolitos ,Electrolitos ,Procedimiento diagnóstico,Dr. Guillermo Rosario,45849,Electrolitos.docx,6,3,0,7 | 15 | 25,11,Hiperpotasemia | niveles plasmáticos elevados de potasio: vector de stock (libre de regalías) 2354243655 | Shutterstock,No,No tiene
116,[EM1-116],,,Densitometría ósea ,Densitometría ósea ,Procedimiento diagnóstico,Dr. Guillermo Rosario,45849,Densitometría ósea.docx,3 | 4 | 5,3,0,3 | 4 | 9 | 10 | 11 | 12 | 13 | 14 | 15 | 21 | 22 | 23 | 24 | 25 | 27 | 28 | 29,3,Densidad mineral ósea (DMO) osteoporosis absorción: vector de stock (libre de regalías) 1269525454 | Shutterstock,No,No tiene
117,[EM1-117],,,Bradicardia ,Bradicardia,Padecimiento,Dr. Guillermo Rosario,45849,Bradicardia.docx,6,3,0,4 | 5 | 14 | 15,7,Bradycardia Sinus Bradycardia Sick Sinus Syndrome: vector de stock (libre de regalías) 1361022872 | Shutterstock,No,Si
118,[EM1-118],,,Hipotensión ,Hipotensión,Síntoma ,Dra. Heidyxer Osorio,45849,Hipotensión (con códigos).docx,6,3,0,3 | 5 | 13 | 14 | 15,7,Hipotensión | hipertensión. Difícil cardiólogo que mide: vector de stock (libre de regalías) 2042807096 | Shutterstock,No,No
119,[EM1-119],,,Disuria,,Síntoma ,Dr. Daniel Viveros,,,6,3,0,7 | 8,5 | 6,La vacilación urinaria se produce cuando: vector de stock (libre de regalías) 2381996107 | Shutterstock,No,
120,[EM1-120],,,Polaquiuria,Polaquiuria,Síntoma ,Dra. Alicia Pérez,45846,Polaquiuria.docx,6,3,0,7 | 8,5 | 6,Ilustración de una mujer anciana que: vector de stock (libre de regalías) 2473308331 | Shutterstock,No,No tiene
121,[EM1-121],,,Retención urinaria aguda,Retención urinaria aguda,Padecimiento,Dr. Guillermo Rosario,45849,Retención urinaria aguda.docx,6,3,0,7 | 8,5 | 6,Retención urinaria. Afección en la cual: vector de stock (libre de regalías) 2523827521 | Shutterstock,No,Si
122,[EM1-122],,,Examen general de orina,Examen general de orina,Procedimiento diagnóstico,Dr. Guillermo Rosario,45846,Examen general de orina.docx,6,3,0,7 | 8,5 | 6,Icono del vector de prueba de: vector de stock (libre de regalías) 1556935547 | Shutterstock,No,No tiene
123,[EM1-123],,,Urocultivo,,Procedimiento diagnóstico,Dra. Heidyxer Osorio,,,6,3,0,7 | 8,5 | 6,Plato de Petri con gota de: vector de stock (libre de regalías) 1537265582 | Shutterstock,No,
124,[EM1-124],,,Hemocultivo,Hemocultivo,Procedimiento diagnóstico,Dra. Heidyxer Osorio,45849,Hemocultivo (con códigos),6,3,0,13 | 14 | 15,11,Concepto de medicina regenerativa. Ilustración vectorial: vector de stock (libre de regalías) 699811978 | Shutterstock,No,Si
125,[EM1-125],,,Cefalea tensional ,Cefalea tensional ,Padecimiento,Dr. Axel Rodríguez ,45849,Cefalea tensional.docx,3 | 4 | 5,3,0,3 | 4 | 16,1,Icono de color de dolor de: vector de stock (libre de regalías) 2381681211 | Shutterstock,No,Si
126,[EM1-126],,,Cefalea en racimos ,Cefalea en racimos ,Padecimiento,Dr. Axel Rodríguez ,45849,Cefalea en racimos.docx,2 | 3 | 4 | 5,3,0,3 | 16 | 19,1,Icono de color de cefalea en: vector de stock (libre de regalías) 2432541385 | Shutterstock,No,No
127,[EM1-127],,,Sinusitis,Sinusitis,Padecimiento,Dr. Axel Rodríguez ,45849,Sinusitis.docx,2 | 3 | 4 | 5,3,0,3 | 16,2,Ilustración médica de los síntomas de: vector de stock (libre de regalías) 2393674065 | Shutterstock,No,No
128,[EM1-128],,,Arteritis de células gigantes,Arteritis de células gigantes,Padecimiento,Dra. Alicia Pérez,45847,Arteritis de células gigantes.docx,2 | 3 | 4 | 5,3,0,3 | 16,1,Arteritis celular gigante enfermedad inflamatoria autoinmune: vector de stock (libre de regalías) 2142408387 | Shutterstock,No,No tiene
129,[EM1-129],,,Tumores cerebrales,Tumores cerebrales ,Padecimiento,Dra. Alicia Pérez,45848,Tumores Cerebrales.docx,6,3,0,3,1,Anatomía de sección transversal de la: vector de stock (libre de regalías) 2377723271 | Shutterstock,No,No tiene
130,[EM1-130],,,Traumatismos craneales  ,Traumatismo craneal,Padecimiento,Dr. Axel Rodríguez ,45849,Traumatismo craneal.docx,6,3,0,3,1,Una doctora le puso una venda: vector de stock (libre de regalías) 2461381871 | Shutterstock,No,Si
131,[EM1-131],,,Accidentes cerebrovasculares ,Evento vascular cerebral,Padecimiento,Dr. Axel Rodríguez ,45849,Evento vascular cerebral.docx,4 | 5,3,0,3 | 10 | 11 | 12 | 13 | 16 | 17 | 19 | 20,1,Accidentes cerebrales | problemas hemorrágicos e isquémicos.: vector de stock (libre de regalías) 2000068922 | Shutterstock,No,Si
132,[EM1-132],,,Convulsiones,Convulsiones,Síntoma ,Dr. Axel Rodríguez ,45849,Convulsiones.docx,6,3,0,3 | 9 | 10 | 11 | 12 | 13 | 14 | 15 | 20 | 21 | 22 | 23 | 24 | 25 | 26 | 27 | 28 | 29,1,Aislada de un niño con epilepsia: vector de stock (libre de regalías) 2303579627 | Shutterstock,No,Si
133,[EM1-133],,,Palpitaciones,Palpitaciones,Síntoma ,Dra. Heidyxer Osorio,45852,Palpitaciones (con códigos).docx,6,3,0,5,7,Una persona que sufre de un: vector de stock (libre de regalías) 2359987765 | Shutterstock,No,Si
134,[EM1-134],,,Diarrea crónica,Diarrea crónica,Padecimiento,Dra. Heidyxer Osorio,45849,Diarrea crónica (con códigos).docx,3 | 4 | 5,3,0,6 | 26,4,Caricatura de un hombre que sufre: vector de stock (libre de regalías) 2540344767 | Shutterstock,No,No
135,[EM1-135],,,Obstrucción intestinal,,Padecimiento,Dr. Daniel Viveros,,,6,3,0,6,4,Icono de línea de color de: vector de stock (libre de regalías) 2078398282 | Shutterstock,No,
136,[EM1-136],,,Oliguria,,Síntoma ,Dr. Daniel Viveros,,,6,3,0,7 | 8,5 | 6,Icono de la escalera en la: vector de stock (libre de regalías) 2146480701 | Shutterstock,No,
137,[EM1-137],,,Choque,Choque,Padecimiento,Dra. Heidyxer Osorio,45848,Choque (con códigos).docx,6,3,0,3 | 5 | 8 | 9,7,Icono de choque séptico en vector.: vector de stock (libre de regalías) 2313008977 | Shutterstock,No,No
138,[EM1-138],,,Sincope,,Síntoma ,Dra. Heidyxer Osorio,,,6,3,0,3 | 5,7,Personaje femenino tirado en el suelo: vector de stock (libre de regalías) 1768846319 | Shutterstock,No,
139,[EM1-139],,,Análisis de sangre,Análisis de sangre,Procedimiento diagnóstico,Dra. Heidyxer Osorio,45848,Análisis de sangre (con códigos).docx,6,3,0,5 | 13 | 14 | 15,11,Tubo de análisis de sangre con: vector de stock (libre de regalías) 2548157397 | Shutterstock,No,No
140,[EM1-140],,,Lumbalgia,Dolor de espalda baja,Padecimiento,Dr. Axel Rodríguez ,,,3 | 4 | 5,3,0,25,3,Vector de una joven con dolor: vector de stock (libre de regalías) 2253948999 | Shutterstock,No,
141,[EM1-141],,,Hematuria,Hematuria,Síntoma ,Dr. Axel Rodríguez ,,,6,3,0,7 | 8,5 | 6,Infección del tracto urinario trastorno del: vector de stock (libre de regalías) 2212496473 | Shutterstock,No,
142,[EM1-142],,,Hipertensión arterial sistémica,Hipertensión arterial sistémica,Padecimiento,Dr. Axel Rodríguez ,,,4 | 5,3,0,5 | 13 | 14,7,Joven tomando su presión arterial en: vector de stock (libre de regalías) 2451812927 | Shutterstock,No,
143,[EM1-143],,,Alteraciones visuales,Alteraciones visuales,Padecimiento,Dr. Axel Rodríguez ,,,6,3,0,19,1,Editable Vector Hide Password Eye Visual: vector de stock (libre de regalías) 2614704401 | Shutterstock,No,
144,[EM1-144],,,Distimia,Distimia,Sintoma,Dr. Daniel Viveros,,,2 | 3 | 4 | 5,3,0,3,10,Qué-es-la-distimia.jpg (2000×1333),No,
145,[EM1-145],,,Incontinencia,Incontinencia,Sintoma,Dr. Axel Rodríguez ,,,2 | 4 | 5 ,3,0,7 | 8,5 | 6,Vector de dibujo de icono de: vector de stock (libre de regalías) 2619983777 | Shutterstock,No,
146,[EM1-146],,,Prostatitis,Prostatitis,Padecimiento,Dr. Axel Rodríguez ,45849,Prostatitis.docx,4 | 5,1,0,7 | 8,5,Próstata normal y glándula prostática agrandada: vector de stock (libre de regalías) 2433965455 | Shutterstock,No,No
147,[EM1-147],,,Preeclampsia,Preeclampsia,Padecimiento,Dr. Axel Rodríguez ,45849,Preeclampsia.docx,3 | 4,2,1,5 | 6,12,Mes de concientización de preeclampsia. Médico: vector de stock (libre de regalías) 2453359617 | Shutterstock,No,Preeclapsia sintomiza. Enfermedad de embarazo. Enfermedad: vector de stock (libre de regalías) 2242332555 | Shutterstock
148,[EM1-148],,,Parto prematuro,Parto prematuro,Padecimiento,Dr. Axel Rodríguez ,,,3 | 4,2,1,6 | 7 | 8,12,El recién nacido prematuro se encuentra: vector de stock (libre de regalías) 2466127857 | Shutterstock,No,
149,[EM1-149],,,Síndrome de ovario poliquístico,Síndrome de ovario poliquístico,Padecimiento,Dr. Axel Rodríguez ,,,3 | 4,2,0,7 | 8,6,3.ª ilustración médica que explica el: vector de stock (libre de regalías) 2087785513 | Shutterstock,No,
150,[EM1-150],,,Aborto,Aborto,Padecimiento,Dr. Axel Rodríguez ,,,3 | 4,2,1,6 | 7 | 8,12,https://www.shutterstock.com/es/image-photo/young-pregnant-woman-suffering-stomach-abdominal-2494665905,No,
151,[EM1-151],,,Macrosomía ,,,Dr. Daniel Viveros,,,1,3,0,3 | 6,13,https://i0.wp.com/ensedeciencia.com/wp-content/uploads/2024/11/WhatsApp-Image-2024-11-13-at-11.26.28-AM-1.jpeg?resize=800%2C420&ssl=1,No,
152,[EM1-152],,,Hipoglucemia neonatal,,Padecimiento,Dra. Daniela Cortes,,,1,3,0,3 | 6,13,https://encrypted-tbn0.gstatic.com/images?q=tbn:ANd9GcQCe-jaRF84LGt5DOX9pZydosV9pSNNOVkRGA&s,No,
153,[EM1-153],,,Prueba de tolerancia a la glucosa,,,Dra. Daniela Cortes,,,3 | 4 | 5 ,3,0,6 | 20,4 | 9,https://www.shutterstock.com/es/image-vector/glycemic-index-curve-blood-glucose-level-2626379355,No,
154,[EM1-154],,,Síndrome metabólico,,Padecimiento,Dra. Daniela Cortes,,,3 | 4 | 5,3,0,6,4,https://www.shutterstock.com/es/image-vector/symptoms-metabolic-syndrome-banner-web-icon-2467507493,No,
155,[EM1-155],,,Insomnio,,Padecimiento,Dra. Daniela Cortes,,,2 | 3 | 4 | 5,3,0,3 | 19,10,https://www.shutterstock.com/es/image-vector/woman-suffering-insomnia-lies-bed-counts-2614565879,No,
156,[EM1-156],,,Polifagia,,,Dra. Daniela Cortes,,,2 | 3 | 4 | 5,3,0,6 | 20,4,https://mejorconsalud.as.com/wp-content/uploads/2019/08/comer-exceso.jpg,No,
157,[EM1-157],,,Prurito,,,Dra. Heidyxer Osorio,,,6,3,0,1 | 2 | 4 | 5 | 6 | 7 | 8 | 9 | 10 | 11 | 12 | 13 | 14 | 15 | 16 | 17 | 19 | 21 | 22 | 25 | 26 | 27,8,https://www.shutterstock.com/es/image-vector/people-skin-diseases-set-characters-acne-2274247795,No,
158,[EM1-158],,,Química sanguínea,,,Dra. Heidyxer Osorio,,,6,3,0,7 | 15 | 25,11,https://www.shutterstock.com/es/image-vector/medical-blood-test-flat-concept-chemical-1643338915,No,
159,[EM1-159],,,Biometría hemática,Biometría hemática,Procedimiento diagnóstico,Dra. Heidyxer Osorio,45849,Biometría hemática (con código).docx,6,3,0,5 | 13 | 14 | 15,11,Análisis de sangre - Recuento sanguíneo: vector de stock (libre de regalías) 2245964809 | Shutterstock,No,No
160,[EM1-160],,,Neuropatía diabética,Neuropatía diabética,Padecimiento,Dra. Heidyxer Osorio,45852,Neuropatía diabética (con códigos),4 | 5,3,0,10 | 11 | 13 | 14 | 27 | 28 | 29,1,Neuropatía con lesión nerviosa del pie: vector de stock (libre de regalías) 2318158295 | Shutterstock,No,Si
161,[EM1-161],,,Nefropatía diabética,Lesión renal por diabetes,Padecimiento,Dra. Heidyxer Osorio,45852,Lesión renal por diabetes (con códigos),4 | 5,3,0,7 | 8 | 25,5 | 6,Icono de la delgada línea de: vector de stock (libre de regalías) 2008323941 | Shutterstock,No,Si
162,[EM1-162],,,Retinopatía diabética ,,Padecimiento,Dr. Daniel Viveros,,,4 | 5,3,0,19,1,https://www.shutterstock.com/es/image-vector/diabetic-retinopathy-retinal-damage-cross-section-2479622565,No,
163,[EM1-163],,,Pie diabético,,Padecimiento,,,,4 | 5,3,0,10 | 11 | 28 | 29,3,https://www.shutterstock.com/es/image-vector/stages-diabetic-foot-syndrome-deep-ulcer-2473539259,No,
164,[EM1-164],,,Cetoacidosis diabética,Cetoacidosis diabética,Padecimiento,Dr. Daniel Viveros,45852,Cetoacidosis diabética .docx,3 | 4 | 5,3,0,3 | 5 | 6 | 20,9,Una condición caracterizada por un aumento: vector de stock (libre de regalías) 2526936139 | Shutterstock,No,Si
165,[EM1-165],,,Estado hiperosmolar hiperglucémico,,Padecimiento,Dr. Daniel Viveros,,,3 | 4 | 5,3,0,3 | 5 | 6 | 20,9,https://upload.wikimedia.org/wikipedia/commons/thumb/c/ca/Hyperglycemia.png/330px-Hyperglycemia.png,No,
166,[EM1-166],,,Angina de pecho ,,,Dr. Daniel Viveros,,,4 | 5,3,0,5,7,Síntomas de angina inestable y bloqueo: vector de stock (libre de regalías) 2543745009 | Shutterstock,No,
167,[EM1-167],,,Menopausia,,Padecimiento,Dr. Daniel Viveros,,,4 | 5,2,0,7 | 8,6,https://www.shutterstock.com/es/image-vector/vector-illustration-about-womens-health-sad-2502261253,No,
168,[EM1-168],,,Sangrado uterino anormal,,Padecimiento,Dr. Daniel Viveros,,,3 | 4 | 5,2,0,7 | 8,6,https://www.shutterstock.com/es/image-vector/unhappy-woman-during-menstruation-cycle-suffering-2340552521,No,
169,[EM1-169],,,Dolor pélvico,,,Dr. Daniel Viveros,,,3 | 4 | 5,3,0,7 | 8,5 | 6,"mujeres con calambres menstruales graves | endometriosis,: vector de stock (libre de regalías) 2193323011 | Shutterstock",No,
170,[EM1-170],,,Biopsia,Biopsia,Procedimiento diagnóstico,Dr. Daniel Viveros,45852,Biopsia.docx,6,3,0,3 | 4 | 5 | 6 | 7 | 8 | 17 | 20 | 21 | 22,1 | 2 | 3 | 4 | 5 | 6 | 7 | 8 | 9 | 11,Biopsia Tratamiento del cáncer Icono de: vector de stock (libre de regalías) 2544103631 | Shutterstock,No,Si
171,[EM1-171],,,Histeroscopia,,,,,,4 | 5,2,0,7 | 8,6,https://www.shutterstock.com/es/image-vector/hysteroscopy-uterine-treat-examine-diagnostic-test-1892252860,No,
172,[EM1-172],,,Histerectomía,,,Dr. Daniel Viveros,,,4 | 5,2,0,7 | 8,6,https://www.shutterstock.com/es/image-vector/gynecologist-doctor-surgeon-holding-uterus-symbol-2419474969,No,
173,[EM1-173],,,Vacunas,,,Dr. Daniel Viveros,,,6,3,0,12 | 13 | 14 | 24 | 26,11,https://www.shutterstock.com/es/image-vector/vaccination-elderly-senior-man-doctor-syringe-2638606033,No,
174,[EM1-174],,,Irregularidades menstruales,,,Dr. Daniel Viveros,,,3 | 4 | 5,2,0,7 | 8,6,https://www.shutterstock.com/es/image-vector/woman-stressed-about-menstrual-cycle-flat-2236011191,No,
175,[EM1-175],,,Sangrado de tubo digestivo,,Padecimiento,Dr. Daniel Viveros,,,6,3,0,6 | 7 | 8 | 20 | 26,4,https://www.gastroendoscopicaintegral.com/images/sangrado%20digestivo.jpg?crc=274701721,No,
176,[EM1-176],,,Examen coproparasitoscópico,,,,,,6,3,0,6 | 26,4,https://www.shutterstock.com/es/image-vector/threadworms-pinworms-small-intestinal-parasites-causing-2515500533,No,
177,[EM1-177],,,Coprocultivo ,,,,,,6,3,0,6 | 26,4,Investigación científica de diversos tipos de: vector de stock (libre de regalías) 2136558927 | Shutterstock,No,
178,[EM1-178],,,Lesión renal aguda,Daño renal,Padecimiento,Dr. Axel Rodríguez ,,,6,3,0,7 | 8 | 25,5 | 6,un hombre siente dolor en el: vector de stock (libre de regalías) 2445125367 | Shutterstock,No,
179,[EM1-179],,,Laringitis aguda,,Padecimiento,Dr. Axel Rodríguez ,,,6,3,0,4 | 20,2,https://www.shutterstock.com/es/image-vector/sore-loss-cough-virus-viral-acute-2119860770,No,
180,[EM1-180],,,Hemoptisis,,,Dr. Daniel Viveros,,,2 | 3 | 4 | 5,3,0,4 | 5 | 20,2,https://www.shutterstock.com/es/image-vector/hemoptysis-lung-bleeding-coughing-blood-1792223930,No,
181,[EM1-181],,,Laringoscopia,,,,,,6,3,0,4 | 5 | 20,2,https://www.shutterstock.com/es/image-vector/sore-loss-cough-virus-viral-acute-2116054058,No,
182,[EM1-182],,,Miocardiopatías,,,,,,6,3,0,5,7,https://www.shutterstock.com/es/image-vector/illustration-contrasting-normal-heart-hypertrophic-cardiomyopathy-2642033291,No,
183,[EM1-183],,,Enfermedades de la aorta,,,,,,6,3,0,5 | 6,7,Ilustración médica de los efectos del: ilustración de stock 2267401683 | Shutterstock,No,
184,[EM1-184],,,Enfermedades de las valvulas del corazón,,,,,,6,3,0,5 | 6,7,https://www.shutterstock.com/es/image-vector/human-heart-valve-pulmonary-aortic-tricuspid-2119252028,No,
185,[EM1-185],,,Reflujo,,,,,,6,3,0,4 | 5 | 6 | 20,4,https://www.shutterstock.com/es/image-vector/sick-woman-symptoms-gastroesophageal-reflux-gastritis-2274137141,No,
186,[EM1-186],,,Faringitis,,,,,,6,3,0,4,2,https://www.shutterstock.com/es/image-vector/mouth-tonsillitis-icon-flat-vector-tonsil-2215652407,No,
187,[EM1-187],,,Sobrepeso,,,,,,2 | 3 | 4 | 5,3,0,6,4,https://www.shutterstock.com/es/image-vector/man-obesity-overweight-obese-2551926353,No,
188,[EM1-188],,,Hernias esofágicas,,,,,,6,3,0,5 | 6,4,https://www.shutterstock.com/es/image-vector/difficulty-swallowing-esophagus-dysphagia-gerd-exam-2298467219,No,
189,[EM1-189],,,Estudios de función nerviosa,,Síntoma ,,,,6,3,0,1 | 2 | 3 | 9 | 10 | 11 | 12 | 13 | 14 | 15 | 16 | 22 | 23 | 24 | 25 | 26 | 27 | 28 | 29,1,https://www.neurocirugiaequipodelatorre.es/wp-media/2021/08/sistema-nervioso.jpg,No,
190,[EM1-190],,,Anemia,,,,,,6,3,0,1 | 2 | 3 | 4 | 15 | 19 | 20,11,anemia de células falciformes enfermedad color: vector de stock (libre de regalías) 2474360121 | Shutterstock,No,
191,[EM1-191],,,Hipertiroidismo,,,,,,3 | 4 | 5,3,0,1 | 2 | 4 | 19,9,https://www.shutterstock.com/es/image-vector/hyperthyroidism-symptoms-infographic-overactive-thyroid-gland-2127430367,No,
192,[EM1-192],,,Síndrome de Sjogren,,,,,,3 | 4 | 5,3,0,20,4,https://www.shutterstock.com/es/image-vector/sjogrens-syndrome-dry-eye-lymph-nodes-2305871041,No,
193,[EM1-193],,,Ictericia,,,,,,6,3,0,3 | 4 | 5 | 6 | 7 | 8 | 9 | 10 | 11 12 | 13 | 14 | 15 | 16 | 19 | 20 | 21 | 22 | 23 | 24 | 25 | 26 | 27 | 28 | 29,8,https://www.shutterstock.com/es/image-vector/jaundice-comparison-between-healthy-person-icterus-2187782597,No,
194,[EM1-194],,,Síndrome del tunel del carpo,,,,,,3 | 4 | 5,3,0,14 | 15,3,https://www.shutterstock.com/es/image-vector/woman-carpal-tunnel-syndrome-suffers-severe-2514298719,No,
195,[EM1-195],,,Esofagitis ,,,,,,3 | 4 | 5,3,0,5 | 6 | 20,4,https://www.shutterstock.com/es/image-vector/esophageal-hypersensitivity-functional-disorder-characterized-by-2522498241,No,
196,[EM1-196],,,Gota,,,,,,4 | 5,3,0,7 | 10 | 11 | 25 | 28 | 29,3 | 5 | 6,https://www.shutterstock.com/es/image-vector/gout-disease-joints-tissues-caused-by-2539153769,No,
197,[EM1-197],,,Perforación del estómago,,,,,,6,3,0,5 | 6 | 20,4,https://www.shutterstock.com/es/image-vector/ulcer-perforation-stomach-vector-illustration-1852939156,No,
198,[EM1-198],,,Perforación del esófago,,,,,,6,3,0,5 | 6 | 20,4,https://encrypted-tbn0.gstatic.com/images?q=tbn:ANd9GcQBuD-38mlvf1WDcc_4LZRsZzJ25y9Rsdm_ww&s,No,
199,[EM1-199],,,Artritis séptica,,,,,,4 | 5,3,0,9 | 10 | 11 | 12 | 13 | 14 | 15 | 23 | 24 | 26 | 27 | 28 | 29,3,Enfermedad articular inflamatoria causada por infección: vector de stock (libre de regalías) 2535759407 | Shutterstock,No,
200,[EM1-200],,,Úlceras gástricas ,,,,,,4 | 5,3,0,5 | 6 | 20,4,https://www.shutterstock.com/es/image-vector/peptic-ulcer-stomach-under-magnifying-glass-2287221375,No,
201,[EM1-201],,,Úlceras duodenales ,,,,,,4 | 5,3,0,5 | 6 | 20,4,https://www.shutterstock.com/es/image-vector/duodenum-ulcer-affected-duodenal-vector-illustration-295872413,No,
202,[EM1-202],,,Reflujo del lactante,,,,,,1,3,0,5 | 6 | 20,13,https://www.shutterstock.com/es/image-vector/little-baby-boy-vomiting-milk-vector-2488757573,No,
203,[EM1-203],,,Artrocentesis,,,,,,3 | 4 | 5,3,0,9 | 10 | 11 | 12 | 13 | 14 | 15 | 23 | 24 | 26 | 27 | 28 | 29,3,Artrocentesis de rodilla o aspiración de: vector de stock (libre de regalías) 2429339895 | Shutterstock,No,
204,[EM1-204],,,Toma de la tensión arterial,,,,,,6,3,0,5 | 13 | 14,7,https://www.shutterstock.com/es/image-vector/woman-taking-blood-pressure-simple-illustration-2107003946,No,
205,[EM1-205],,,Pruebas de función cardíaca,,,,,,6,3,0,5,7,https://www.shutterstock.com/es/image-vector/doctor-examines-patients-heart-careful-examination-2411486437,No,
206,[EM1-206],,,Síndrome de intestino irritable,,,,,,3 | 4 | 5,3,0,6,4,https://www.shutterstock.com/es/image-vector/irritable-bowel-syndrome-ibs-symptoms-include-2552195945,No,
207,[EM1-207],,,Enfermedad inflamatoria intestinal,,,,,,3 | 4 | 5,3,0,6,4,Concepto de enfermedad intestinal inflamatoria. Enfermedad: vector de stock (libre de regalías) 2011387706 | Shutterstock,No,
208,[EM1-208],,,Enfermedad celíaca,,,,,,6,3,0,6,4,Enfermedad celíaca y emisión de gluten: vector de stock (libre de regalías) 2349901085 | Shutterstock,No,
209,[EM1-209],,,Intolerancia a la lactosa,,,,,,6,3,0,6,4,https://www.shutterstock.com/es/image-vector/milk-lactose-intolerant-person-on-white-1881918547,No,
210,[EM1-210],,,SIBO (sobrecrecimiento bacteriano),,,,,,6,3,0,6,4,https://www.shutterstock.com/es/image-vector/small-intestinal-bacterial-overgrowth-sibo-defined-2372406649,No,
211,[EM1-211],,,Colonoscopia o rectosigmoidoscopia,,,,,,6,3,0,6 | 7 | 8 | 26,4,La colonoscopia es un procedimiento mínimamente: vector de stock (libre de regalías) 2361781739 | Shutterstock,No,
212,[EM1-212],,,Trastornos de la coagulación,,,,,,6,3,0,3 | 4 | 5 | 9 | 10 | 11 | 12 | 13 | 14 | 21 | 22 | 23 | 24 | 25 | 26 | 27 | 28,11,https://www.shutterstock.com/es/image-vector/coagulopathy-blood-clotting-disorders-low-leads-2526944899,No,
213,[EM1-213],,,Sepsis,,,,,,6,3,0,3 | 4 | 5 | 6 | 7 | 8 | 9 | 10 | 17 | 18 | 19 | 20 | 21 | 25 | 26,1 | 2 | 3 | 4 | 5 | 6 | 7 | 11,https://www.mayoclinic.org/-/media/kcms/gbs/patient-consumer/images/2024/09/12/04/30/amedicalillustrationofsepsis16x9jpg.jpg,No,
214,[EM1-214],,,Edema,,,,,,6,3,0,6 | 9 | 10 | 11 | 14 | 15 | 24 | 26 | 27 | 28 | 29,3,"Edema pie hinchado y pie normal,: vector de stock (libre de regalías) 2522978853 | Shutterstock",No,
215,[EM1-215],,,Insuficiencia cardíaca,,,,,,6,3,0,5,7,https://www.shutterstock.com/es/image-vector/manage-heart-disease-abstract-concept-vector-2316866699,No,
216,[EM1-216],,,Parálisis,,,,,,6,3,0,3 | 4 | 10 | 11 | 12 | 13 | 14 | 15 | 16 | 19 | 20 | 21 | 22 | 23 | 24 | 25 | 26 | 27 | 28 | 29,1 | 3,https://www.shutterstock.com/es/image-vector/facial-paralysis-bell-palsy-drooping-eyes-2398275265,No,
217,[EM1-217],,,,,,,,,,,,,,,,
218,[EM1-218],,,,,,,,,,,,,,,,
219,[EM1-219],,,,,,,,,,,,,,,,
220,[EM1-220],,,,,,,,,,,,,,,,